--
-- PostgreSQL database dump
--

-- Dumped from database version 14.2
-- Dumped by pg_dump version 14.2

-- Started on 2023-02-20 12:21:11

SET statement_timeout = 0;
SET lock_timeout = 0;
SET idle_in_transaction_session_timeout = 0;
SET client_encoding = 'UTF8';
SET standard_conforming_strings = on;
SELECT pg_catalog.set_config('search_path', '', false);
SET check_function_bodies = false;
SET xmloption = content;
SET client_min_messages = warning;
SET row_security = off;

--
-- TOC entry 7 (class 2615 OID 16395)
-- Name: topology; Type: SCHEMA; Schema: -; Owner: postgres
--

CREATE SCHEMA topology;


ALTER SCHEMA topology OWNER TO postgres;

--
-- TOC entry 4388 (class 0 OID 0)
-- Dependencies: 7
-- Name: SCHEMA topology; Type: COMMENT; Schema: -; Owner: postgres
--

COMMENT ON SCHEMA topology IS 'PostGIS Topology schema';


--
-- TOC entry 2 (class 3079 OID 16396)
-- Name: postgis; Type: EXTENSION; Schema: -; Owner: -
--

CREATE EXTENSION IF NOT EXISTS postgis WITH SCHEMA public;


--
-- TOC entry 4389 (class 0 OID 0)
-- Dependencies: 2
-- Name: EXTENSION postgis; Type: COMMENT; Schema: -; Owner: 
--

COMMENT ON EXTENSION postgis IS 'PostGIS geometry and geography spatial types and functions';


--
-- TOC entry 3 (class 3079 OID 17427)
-- Name: postgis_topology; Type: EXTENSION; Schema: -; Owner: -
--

CREATE EXTENSION IF NOT EXISTS postgis_topology WITH SCHEMA topology;


--
-- TOC entry 4390 (class 0 OID 0)
-- Dependencies: 3
-- Name: EXTENSION postgis_topology; Type: COMMENT; Schema: -; Owner: 
--

COMMENT ON EXTENSION postgis_topology IS 'PostGIS topology spatial types and functions';


SET default_tablespace = '';

SET default_table_access_method = heap;

--
-- TOC entry 223 (class 1259 OID 17587)
-- Name: evento; Type: TABLE; Schema: public; Owner: postgres
--

CREATE TABLE public.evento (
    id integer NOT NULL,
    bene1 integer NOT NULL,
    denominazione_bene1 text,
    data_da character varying(256) NOT NULL,
    data_a character varying(256),
    tipo_data character varying(256),
    ruolo_bene1 integer,
    funzione integer,
    bene2 integer,
    denominazione_bene2 text,
    ruolo_bene2 integer,
    bibliografia text,
    schedatore character varying(256) NOT NULL,
    note text,
    stato character varying(4) NOT NULL,
    storia text
);


ALTER TABLE public.evento OWNER TO postgres;

--
-- TOC entry 228 (class 1259 OID 17665)
-- Name: evento_id_seq; Type: SEQUENCE; Schema: public; Owner: postgres
--

ALTER TABLE public.evento ALTER COLUMN id ADD GENERATED ALWAYS AS IDENTITY (
    SEQUENCE NAME public.evento_id_seq
    START WITH 1
    INCREMENT BY 1
    NO MINVALUE
    NO MAXVALUE
    CACHE 1
);


--
-- TOC entry 224 (class 1259 OID 17592)
-- Name: funzione; Type: TABLE; Schema: public; Owner: postgres
--

CREATE TABLE public.funzione (
    funzione character varying(256) NOT NULL,
    descrizione text,
    id integer NOT NULL
);


ALTER TABLE public.funzione OWNER TO postgres;

--
-- TOC entry 229 (class 1259 OID 17666)
-- Name: funzione_id_seq; Type: SEQUENCE; Schema: public; Owner: postgres
--

ALTER TABLE public.funzione ALTER COLUMN id ADD GENERATED ALWAYS AS IDENTITY (
    SEQUENCE NAME public.funzione_id_seq
    START WITH 1
    INCREMENT BY 1
    NO MINVALUE
    NO MAXVALUE
    CACHE 1
);


--
-- TOC entry 225 (class 1259 OID 17597)
-- Name: luogo; Type: TABLE; Schema: public; Owner: postgres
--

CREATE TABLE public.luogo (
    id integer NOT NULL,
    identificazione text NOT NULL,
    descrizione text,
    meo character varying(256),
    mec character varying(256),
    toponimo character varying(256),
    esistenza character varying(256),
    comune character varying(256),
    bibliografia text,
    schedatore character varying(256) NOT NULL,
    note text,
    area public.geometry(MultiPolygon,4326) NOT NULL,
    punto public.geometry(Point,4326) NOT NULL,
    stato character varying(4) NOT NULL,
    storia text
);


ALTER TABLE public.luogo OWNER TO postgres;

--
-- TOC entry 230 (class 1259 OID 17667)
-- Name: luogo_id_seq; Type: SEQUENCE; Schema: public; Owner: postgres
--

ALTER TABLE public.luogo ALTER COLUMN id ADD GENERATED ALWAYS AS IDENTITY (
    SEQUENCE NAME public.luogo_id_seq
    START WITH 1
    INCREMENT BY 1
    NO MINVALUE
    NO MAXVALUE
    CACHE 1
);


--
-- TOC entry 226 (class 1259 OID 17602)
-- Name: ruolo; Type: TABLE; Schema: public; Owner: postgres
--

CREATE TABLE public.ruolo (
    id integer NOT NULL,
    ruolo character varying NOT NULL,
    descrizione text
);


ALTER TABLE public.ruolo OWNER TO postgres;

--
-- TOC entry 231 (class 1259 OID 17668)
-- Name: ruolo_id_seq; Type: SEQUENCE; Schema: public; Owner: postgres
--

ALTER TABLE public.ruolo ALTER COLUMN id ADD GENERATED ALWAYS AS IDENTITY (
    SEQUENCE NAME public.ruolo_id_seq
    START WITH 1
    INCREMENT BY 1
    NO MINVALUE
    NO MAXVALUE
    CACHE 1
);


--
-- TOC entry 227 (class 1259 OID 17607)
-- Name: utente; Type: TABLE; Schema: public; Owner: postgres
--

CREATE TABLE public.utente (
    id character varying(256) NOT NULL,
    nome character varying(256) NOT NULL,
    cognome character varying(256) NOT NULL,
    ruolo character varying(256) DEFAULT 'schedatore'::character varying NOT NULL
);


ALTER TABLE public.utente OWNER TO postgres;

--
-- TOC entry 4374 (class 0 OID 17587)
-- Dependencies: 223
-- Data for Name: evento; Type: TABLE DATA; Schema: public; Owner: postgres
--

COPY public.evento (id, bene1, denominazione_bene1, data_da, data_a, tipo_data, ruolo_bene1, funzione, bene2, denominazione_bene2, ruolo_bene2, bibliografia, schedatore, note, stato, storia) FROM stdin;
3	10	S. Anna	XX secolo	\N	\N	1	1	1	S. Caterina	3	\N	acignoni	\N	IN	\N
4	8	S. Paolo all’Orto	1950	\N	niente prima	1	2	\N	\N	\N	Maria Luisa Ceccarelli Lemut, Chiara Balbarini, Fulvia Donati, La chiesa di San Paolo all'Orto e la Gipsoteca di arte antica (collana Mirabilia pisana, 24), Edizioni ETS, Pisa 2010	acignoni	Dal 2005 sede Gipsoteca UNIPI.	IN	\N
2	3	S. Cecilia	XX secolo	\N	\N	1	1	2	S. Francesco d’Assisi	3	\N	acignoni	\N	IN	\N
7	16	S. Zeno	XIX	\N	prima niente	1	2	\N	\N	\N	\N	acignoni	\N	IN	\N
11	15	S. Pietrus	XIX seconda metà	\N	niente prima	1	1	12	S. M. Borgi	2	\N	acignoni	\N	IN	\N
\.


--
-- TOC entry 4375 (class 0 OID 17592)
-- Dependencies: 224
-- Data for Name: funzione; Type: TABLE DATA; Schema: public; Owner: postgres
--

COPY public.funzione (funzione, descrizione, id) FROM stdin;
dipende da	\N	1
sconsacrato/a	\N	2
\.


--
-- TOC entry 4376 (class 0 OID 17597)
-- Dependencies: 225
-- Data for Name: luogo; Type: TABLE DATA; Schema: public; Owner: postgres
--

COPY public.luogo (id, identificazione, descrizione, meo, mec, toponimo, esistenza, comune, bibliografia, schedatore, note, area, punto, stato, storia) FROM stdin;
18	S. Giovanni dei Fieri		XII	XVII inizio	Sì	Pisa	Pisa		acignoni		0106000020E61000000100000001030000000100000009000000E14F521560CE2440ECF1ED0E4CDB45409EADD68E9BCE2440E3B83DD646DB45409E2A43AEA9CE2440587952104BDB4540D1EA4D82A4CE2440A235A08F4BDB4540EA4A53ECA1CE2440339BABD04ADB454072FA41D58DCE2440209327C14CDB45408C5A473F8BCE2440ECF1ED0E4CDB45406BF9193D68CE24401C4E36244FDB4540E14F521560CE2440ECF1ED0E4CDB4540	0101000020E61000007C7449BB86CE2440460A7FF04ADB4540	IN	\N
2	S. Francesco d’Assisi	Chiesa parrocchiale gestita dai Francescani Minori Conventuali, espropriata da Napoleone, oggi è chiusa al pubblico dal 2018.	XIII inizio	XIII fine	Pisa	Chiusa	Pisa	F. Mariani e N. Nuti, La chiesa e il quartiere di San Francesco a Pisa, Firenze, Consiglio regionale della Toscana, 2020	acignoni	Parrocchia di origine dell'utente!	0106000020E610000001000000010300000001000000170000004352C4A3FECF24408B3189C4FADB4540491D94CB3DD0244011454ED5FBDB45400CAE55583FD024408C23CBBBF8DB4540D9B9153B4FD02440B06E2F06F9DB454084FCC2844CD024403690B21FFCDB45403ABA6E2458D0244042A97E38FCDB4540FD4A30B159D02440C8A0C737F9DB4540AFE8BCDC85D02440429BC02FFADB45408B8F9A8983D024404ED0085AFEDB4540350A40F688D024406602A18BFEDB45407E848C7985D02440E018169503DC4540D409E70C80D02440D4FF497C03DC4540B0B0C4B97DD02440654857B708DC454004A60F9388D02440654857B708DC454004A60F9388D02440716FE1D80ADC45409862B07679D02440593D49A70ADC454080149C3375D02440586783C110DC454042DD55E37ED0244064804FDA10DC45401E8433907CD02440C6566EA913DC4540051B7E5308D02440AD16186F11DC4540AF9523C00DD024400456BCD601DC4540EE9471EDFBCF2440C8D8BF5A01DC45404352C4A3FECF24408B3189C4FADB4540	0101000020E6100000829F128F45D02440A2B0362606DC4540	IN	\N
1	S. Caterina d’Alessandria	Chiesa parrocchiale gestita dai domenicani fino al XVIII secolo, poi passata all’arcivescovato e diventata il seminario della diocesi di Pisa.	XIII metà	XIV inizio	Pisa	Sì	Pisa	Franco Paliaga e Stefano Renzoni, Le chiese di Pisa, Pisa, Edizioni ETS, 1991	acignoni	Chiesa di prova per eccellenza	0106000020E61000000100000001030000000100000010000000E5B33C0FEECE2440DCF4673F52DC45401EA7E8482ECF24407FBC57AD4CDC4540739D465A2ACF2440AAB706B64ADC4540E57E87A240CF2440D5B2B5BE48DC4540C8CD70033ECF24402384471B47DC45403AAFB14B54CF244007D3307C44DC4540E5B8533A58CF24402AA913D044DC4540016A6AD95ACF2440952BBCCB45DC4540E5B8533A58CF2440DCD7817346DC4540C824236761CF24401C5F7B6649DC4540E5D5390664CF24401C5F7B6649DC454056B77A4E7ACF24409548A29751DC4540C8073D9B55CF2440B1F9B83654DC4540E59B6D6E4CCF24402AC6F99B50DC45407429AE2AFBCE24401557957D57DC4540E5B33C0FEECE2440DCF4673F52DC4540	0101000020E61000002AFD74F344CF244054C1A8A44EDC4540	IN	\N
16	S. Zeno	\N	\N	\N	\N	\N	\N	\N	acignoni	\N	0106000020E61000000100000001030000000100000017000000A7A8C5A3FECF2440E84088C4FADB4540109092CB3DD02440B5FA4DD5FBDB454009F351583FD024403FE9CABBF8DB4540966E153B4FD02440CECB2E06F9DB45406281C6844CD0244043DDB11FFCDB4540B57E6A2458D0244073D37D38FCDB4540B47832B159D024402DB8C637F9DB45409E1EBDDC85D02440CA7BC02FFADB4540280A9E8983D024400D47095AFEDB454090E43BF688D024406C33A18BFEDB4540DF458D7985D024405AA6159503DC454071D4E60C80D024402BB0497C03DC4540FBBFC7B97DD024403A3558B708DC4540D20B0C9388D024403A3558B708DC4540D20B0C9388D024401283E1D80ADC4540C8D8B07679D02440B39649A70ADC454094F1993375D024406EC383C110DC4540364A57E37ED024409EB94FDA10DC4540BA9E2F907CD0244085E86EA913DC4540436A7A5308D02440BC7E176F11DC4540B2DB20C00DD024404131BCD601DC45406D246EEDFBCF24405362C05A01DC4540A7A8C5A3FECF2440E84088C4FADB4540	0101000020E6100000B8C8118F45D02440CAED362606DC4540	IN	\N
7	S. Apollonia	\N	\N	\N	\N	\N	\N	\N	acignoni	\N	0106000020E61000000100000001030000000100000009000000A5713A33A6CD2440D8825E8725DC4540DB66E163C6CD2440CE32DF1225DC4540D577D104C8CD244098F081D528DC4540361AB1ECA7CD2440A140014A29DC45409F822AD4A7CD24401CB3D9B628DC45407FF40DF99FCD24407D96A3DB28DC454036A0521C9FCD24403B31F85D26DC45406838CE7CA6CD2440D94D2E3926DC4540A5713A33A6CD2440D8825E8725DC4540	0101000020E610000057FCDD7CB3CD24402CF2688A27DC4540	IN	\N
5	S. Tropè	\N	\N	\N	\N	\N	\N	\N	acignoni	\N	0106000020E61000000100000001030000000100000007000000CD0929ABEBCD24406E802BDD67DC45401ECC975821CE2440E600EA0367DC4540F28ABB7723CE2440249F9F326ADC45400ECD14A61FCE244006FFEF686ADC4540D28CB51220CE2440AC1EE10B6BDC45400BA8DED9EECD244024CE4A006CDC4540CD0929ABEBCD24406E802BDD67DC4540	0101000020E61000008609C4A007CE2440C98FE50769DC4540	IN	\N
6	S. Giuseppe	\N	\N	\N	\N	\N	\N	\N	acignoni	\N	0106000020E6100000010000000103000000010000000A0000002611C1ECBACD24407BC396F154DC4540B354E885D1CD24407BC396F154DC45409B6546CDD0CD244089AF1F415BDC45403DA9BEEACDCD24409CDBBC315BDC4540C01A06B7CCCD24407A4687185CDC4540ECB25439C6CD2440A561C6C15CDC4540015C0103BFCD2440671AEA275CDC45401F2E3254BDCD2440D75F94035BDC45405CD293F6B9CD2440D75F94035BDC45402611C1ECBACD24407BC396F154DC4540	0101000020E61000004D0E63CFC5CD2440A99195FA57DC4540	IN	\N
8	S. Paolo all'Orto	\N	\N	\N	\N	\N	\N	\N	acignoni	\N	0106000020E6100000010000000103000000010000000B000000365042500BCF2440C840A85BD4DB4540DED0C5721DCF2440EAB11A73D4DB454099EEE0431DCF24408F73673AD5DB45401A62FE2B29CF2440B2E4D951D5DB4540E908ADB829CF24409C880B48D6DB4540918EF11737CF2440BEF97D5FD6DB4540FD87BEFA33CF2440773F9DA5DCDB4540DFC182BC2BCF2440C3957182DCDB454073CD76162ACF2440B5AD9226DDDB4540DDE98AA205CF244055CE2A8EDCDB4540365042500BCF2440C840A85BD4DB4540	0101000020E610000070B26EAE1ECF2440C0C7F770D9DB4540	IN	\N
9	S. Stefano dei Cavalieri	\N	\N	\N	\N	\N	\N	\N	acignoni	\N	0106000020E61000000100000001030000000100000014000000A818F3482ECD2440FE4477E60CDC454000BBB8D735CD2440ADB59E7D0DDC45403EB991DB39CD2440367E1E300BDC454043B1E80191CD244081CE6DF910DC45408177D4568BCD2440D9D4BCB013DC4540E45FBF757CCD24404995C6AF12DC45407451FA0A7BCD2440D9D4BCB013DC45405BE5FA2E81CD244075186E0B14DC4540047B224F83CD24408E6E9F2A15DC4540B9C6495D82CD244094975A0D16DC4540C57C494B7FCD244088939FB316DC45407451FA0A7BCD2440DF4B33FF16DC4540C4445C9C75CD2440BAF1468616DC454067630D6E74CD244005A61F7817DC4540A699D32082CD2440505AF86918DC4540556E84E07DCD244050A8B3D51ADC4540BA0D7CD624CD244049E3811B15DC45403193B78F29CD24407BF36D8212DC4540BA0D7CD624CD244068C6F74512DC4540A818F3482ECD2440FE4477E60CDC4540	0101000020E610000009E3030A52CD244011B5413013DC4540	IN	\N
10	S. Anna	\N	\N	\N	\N	\N	\N	\N	acignoni	\N	0106000020E61000000100000001030000000100000007000000CE164EEEEECD24408E0E060C54DC4540DC4E4AAF21CE24408EA8D46854DC4540426D0B6521CE244028F24D2656DC4540A7BB57341ECE2440F5960A0557DC4540A683A8DA19CE2440F530D96157DC454034350FA4EECD2440F5960A0557DC4540CE164EEEEECD24408E0E060C54DC4540	0101000020E6100000FA06D82C08CE24405B4D914755DC4540	IN	\N
3	S. Cecilia	\N	\N	\N	\N	\N	\N	\N	acignoni	\N	0106000020E61000000100000001030000000100000005000000CAE0287975CE24400708E6E8F1DB4540ADA3AA09A2CE2440E4310395F1DB45403BFC3559A3CE24408E3BA583F5DB45405839B4C876CE2440D5E76A2BF6DB4540CAE0287975CE24400708E6E8F1DB4540	0101000020E61000002E2E45638CCE2440CAA145B6F3DB4540	IN	\N
12	S. Michele in Borgo	\N	\N	\N	\N	\N	\N	\N	acignoni	\N	0106000020E6100000010000000103000000010000000700000039D2F90515CE24405A941EACC2DB45403A0942A913CE244024A6C24DC7DB454014DD967E5ACE24407E218E0DC8DB454013A64EDB5BCE244067741132C2DB4540C42A97FE2FCE24408EDDA120C2DB4540F8731A732FCE2440C1EFDCF1C2DB454039D2F90515CE24405A941EACC2DB4540	0101000020E6100000A38527BD37CE2440F2CACF1FC5DB4540	IN	\N
13	S. Sepolcro	\N	\N	\N	\N	\N	\N	\N	acignoni	\N	0106000020E6100000010000000103000000010000000C000000E6E9F2D585CE24406C655C5A71DB45404BF62E4F93CE24405DB88DBD6FDB4540663B3738A3CE24404705067570DB4540642D29ADABCE2440F8E6830973DB4540DA5A6CCEA7CE2440E8322EA775DB4540642D29ADABCE244048A662BA76DB454013C666F1A5CE244075B4555677DB454080450D5CA2CE2440D37FA65E76DB454094AF545499CE244075B4555677DB45406C6561D989CE24400D93848C76DB4540616E84D281CE2440575AB81C74DB4540E6E9F2D585CE24406C655C5A71DB4540	0101000020E6100000191F20BE96CE2440A8201E9373DB4540	IN	\N
14	S. Matteo	\N	\N	\N	\N	\N	\N	\N	acignoni	\N	0106000020E6100000010000000103000000010000000800000002B3BFE698D024400AACE32C72DB454048DC5569DED0244015BA77576ADB454005D40E08E5D02440693184296CDB4540D8E7EFFBDBD024402AC317526DDB454095DFA89AE2D02440E373824E6FDB4540536AE179C5D02440E64D616572DB45409DB96549A1D02440FB56016075DB454002B3BFE698D024400AACE32C72DB4540	0101000020E61000007383BF5ABDD02440F60FB3BD70DB4540	IN	\N
15	S. Pietro in Vinculis	\N	\N	\N	\N	\N	\N	\N	acignoni	\N	0106000020E610000001000000010300000001000000060000001684EBB5ADCE244091DC0109AFDB454062A469B6AFCE24401695DE89B2DB45406442730BE0CE2440BCB20C1CB2DB45401822F50ADECE24406BCCC208AEDB45402FEDB46CADCE24408D14838DAEDB45401684EBB5ADCE244091DC0109AFDB4540	0101000020E6100000CE2477F0C6CE2440A6478792B0DB4540	IN	\N
17	Sinagoga	\N	\N	\N	\N	\N	\N	\N	acignoni	\N	0106000020E610000001000000010300000001000000050000002A86134049CF244016B27E8EB3DB45401B8A98B54CCF244040450829BADB4540FC30BB9B64CF2440E40AC800BADB4540185EB95963CF24405D3DFE3DB3DB45402A86134049CF244016B27E8EB3DB4540	0101000020E61000004453417957CF24407D5EA3C7B6DB4540	IN	\N
\.


--
-- TOC entry 4377 (class 0 OID 17602)
-- Dependencies: 226
-- Data for Name: ruolo; Type: TABLE DATA; Schema: public; Owner: postgres
--

COPY public.ruolo (id, ruolo, descrizione) FROM stdin;
1	chiesa	\N
2	convento	\N
3	parrocchia	\N
\.


--
-- TOC entry 4195 (class 0 OID 16706)
-- Dependencies: 213
-- Data for Name: spatial_ref_sys; Type: TABLE DATA; Schema: public; Owner: postgres
--

COPY public.spatial_ref_sys (srid, auth_name, auth_srid, srtext, proj4text) FROM stdin;
\.


--
-- TOC entry 4378 (class 0 OID 17607)
-- Dependencies: 227
-- Data for Name: utente; Type: TABLE DATA; Schema: public; Owner: postgres
--

COPY public.utente (id, nome, cognome, ruolo) FROM stdin;
acignoni	Alessandro	Cignoni	schedatore
\.


--
-- TOC entry 4196 (class 0 OID 17429)
-- Dependencies: 218
-- Data for Name: topology; Type: TABLE DATA; Schema: topology; Owner: postgres
--

COPY topology.topology (id, name, srid, "precision", hasz) FROM stdin;
\.


--
-- TOC entry 4197 (class 0 OID 17441)
-- Dependencies: 219
-- Data for Name: layer; Type: TABLE DATA; Schema: topology; Owner: postgres
--

COPY topology.layer (topology_id, layer_id, schema_name, table_name, feature_column, feature_type, level, child_id) FROM stdin;
\.


--
-- TOC entry 4391 (class 0 OID 0)
-- Dependencies: 228
-- Name: evento_id_seq; Type: SEQUENCE SET; Schema: public; Owner: postgres
--

SELECT pg_catalog.setval('public.evento_id_seq', 11, true);


--
-- TOC entry 4392 (class 0 OID 0)
-- Dependencies: 229
-- Name: funzione_id_seq; Type: SEQUENCE SET; Schema: public; Owner: postgres
--

SELECT pg_catalog.setval('public.funzione_id_seq', 2, true);


--
-- TOC entry 4393 (class 0 OID 0)
-- Dependencies: 230
-- Name: luogo_id_seq; Type: SEQUENCE SET; Schema: public; Owner: postgres
--

SELECT pg_catalog.setval('public.luogo_id_seq', 18, true);


--
-- TOC entry 4394 (class 0 OID 0)
-- Dependencies: 231
-- Name: ruolo_id_seq; Type: SEQUENCE SET; Schema: public; Owner: postgres
--

SELECT pg_catalog.setval('public.ruolo_id_seq', 3, true);


--
-- TOC entry 4214 (class 2606 OID 17614)
-- Name: evento Eventi_pkey; Type: CONSTRAINT; Schema: public; Owner: postgres
--

ALTER TABLE ONLY public.evento
    ADD CONSTRAINT "Eventi_pkey" PRIMARY KEY (id);


--
-- TOC entry 4218 (class 2606 OID 17616)
-- Name: luogo Luogo_pkey; Type: CONSTRAINT; Schema: public; Owner: postgres
--

ALTER TABLE ONLY public.luogo
    ADD CONSTRAINT "Luogo_pkey" PRIMARY KEY (id);


--
-- TOC entry 4216 (class 2606 OID 17618)
-- Name: funzione funzione_pkey; Type: CONSTRAINT; Schema: public; Owner: postgres
--

ALTER TABLE ONLY public.funzione
    ADD CONSTRAINT funzione_pkey PRIMARY KEY (id);


--
-- TOC entry 4220 (class 2606 OID 17620)
-- Name: ruolo ruolo_pkey; Type: CONSTRAINT; Schema: public; Owner: postgres
--

ALTER TABLE ONLY public.ruolo
    ADD CONSTRAINT ruolo_pkey PRIMARY KEY (id);


--
-- TOC entry 4222 (class 2606 OID 17622)
-- Name: utente utente_pkey; Type: CONSTRAINT; Schema: public; Owner: postgres
--

ALTER TABLE ONLY public.utente
    ADD CONSTRAINT utente_pkey PRIMARY KEY (id);


--
-- TOC entry 4223 (class 2606 OID 17623)
-- Name: evento fk_bene1_luogo; Type: FK CONSTRAINT; Schema: public; Owner: postgres
--

ALTER TABLE ONLY public.evento
    ADD CONSTRAINT fk_bene1_luogo FOREIGN KEY (bene1) REFERENCES public.luogo(id) NOT VALID;


--
-- TOC entry 4224 (class 2606 OID 17628)
-- Name: evento fk_bene2_luogo; Type: FK CONSTRAINT; Schema: public; Owner: postgres
--

ALTER TABLE ONLY public.evento
    ADD CONSTRAINT fk_bene2_luogo FOREIGN KEY (bene2) REFERENCES public.luogo(id) NOT VALID;


--
-- TOC entry 4225 (class 2606 OID 17633)
-- Name: evento fk_funzione_funzione; Type: FK CONSTRAINT; Schema: public; Owner: postgres
--

ALTER TABLE ONLY public.evento
    ADD CONSTRAINT fk_funzione_funzione FOREIGN KEY (funzione) REFERENCES public.funzione(id) NOT VALID;


--
-- TOC entry 4226 (class 2606 OID 17638)
-- Name: evento fk_ruolo1_ruolo; Type: FK CONSTRAINT; Schema: public; Owner: postgres
--

ALTER TABLE ONLY public.evento
    ADD CONSTRAINT fk_ruolo1_ruolo FOREIGN KEY (ruolo_bene1) REFERENCES public.ruolo(id) NOT VALID;


--
-- TOC entry 4227 (class 2606 OID 17643)
-- Name: evento fk_ruolo2_ruolo; Type: FK CONSTRAINT; Schema: public; Owner: postgres
--

ALTER TABLE ONLY public.evento
    ADD CONSTRAINT fk_ruolo2_ruolo FOREIGN KEY (ruolo_bene2) REFERENCES public.ruolo(id) NOT VALID;


--
-- TOC entry 4228 (class 2606 OID 17648)
-- Name: evento fk_schedatore_utente; Type: FK CONSTRAINT; Schema: public; Owner: postgres
--

ALTER TABLE ONLY public.evento
    ADD CONSTRAINT fk_schedatore_utente FOREIGN KEY (schedatore) REFERENCES public.utente(id) NOT VALID;


--
-- TOC entry 4229 (class 2606 OID 17653)
-- Name: luogo fk_schedatore_utente; Type: FK CONSTRAINT; Schema: public; Owner: postgres
--

ALTER TABLE ONLY public.luogo
    ADD CONSTRAINT fk_schedatore_utente FOREIGN KEY (schedatore) REFERENCES public.utente(id) NOT VALID;


-- Completed on 2023-02-20 12:21:12

--
-- PostgreSQL database dump complete
--

